datetime,generate_elapsed_time,judge_elapsed_time,total_elapsed_time,min_words_for_subsplit,approach,model,max_tokens,reasoning_effort,top_k,answer_instructions_id,few_shot_id,replicate,question,gold_answer,generated_answer,retrieved_files,cosine,rougeL,bleu,judge_doc_relevance,judge_doc_relevance_answer,judge_faithfulness,judge_faithfulness_answer,judge_helpfulness,judge_helpfulness_answer,judge_correctness_vs_ref,judge_correctness_vs_ref_answer,meta_resp_id,meta_model,meta_status,meta_created,meta_input_tokens,meta_output_tokens,meta_total_tokens
2025-11-02 17:14:52 EST,11.46 Seconds,23.77 Seconds,35.23 Seconds,3000,openai_keyword,gpt-5-mini-2025-08-07,250,low,10,A,A,1,"How many safety modes does the arm have, and what are the names of each?","The robot arm has three safety modes. Normal mode, reduced mode, and recovery mode. ","There are three software safety modes: Normal, Reduced, and Recovery. [010__L1__10._First_Time_Use__pp98-164__L2__03__10.",013__L1__13._Emergency_Events__pp181-189.pdf;010__L1__10._First_Time_Use__pp98-164__L2__02__10.2._Safety-related_Functions_and_Interfaces__pp99-106.pdf;010__L1__10._First_Time_Use__pp98-164__L2__04__10.4._Software_Safety_Restrictions__pp121-132.pdf;008__L1__8._Installation__pp59-96__L2__02__8.2._Safety_IO__pp61-70.pdf;019__L1__19._Safety_Functions_Table__pp211-222__L2__02__19.2._Table_2__pp219-222.pdf;010__L1__10._First_Time_Use__pp98-164__L2__03__10.3._Software_Safety_Configuration__pp107-120.pdf;003__L1__3._Safety__pp28-32.pdf;019__L1__19._Safety_Functions_Table__pp211-222__L2__01__19.1._Table_1a__pp218-218.pdf;008__L1__8._Installation__pp59-96__L2__05__8.5._Teach_Pendant_with_3-Position_Enabling_Device__pp75-82.pdf;012__L1__12._Communication_Networks__pp171-180.pdf,0.2820219500625623,0.4,0.08833226876672698,"Step-by-step reasoning:
- The QUESTION asks about “safety modes” of the arm, specifically how many there are and their names.
- In the FACTS, there is a dedicated section “10.3.5. Software Safety Modes” that explicitly defines the safety modes, stating what they are and when each is active.
- Additional related mentions appear in “13.3.1. Recovery Mode” (a type of Manual Mode but also described as a safety state) and elsewhere where Normal, Reduced, and Recovery are discussed as modes with distinct safety limits.
- These passages directly address both the number and names of the safety modes, matching the keywords “safety modes,” “how many,” and “names.”

Conclusion:
Relevance: True",True,"Reasoning:
- The student claims there are three software safety modes and names them: Normal, Reduced, and Recovery.
- In the provided facts, section 10.3.5 “Software Safety Modes” explicitly defines the safety modes as Normal, Reduced, and Recovery, matching the student’s list.
- The student does not introduce any additional claims or details beyond what appears in the facts.
- Although the facts also describe operational modes (Manual vs. Automatic) elsewhere, the student specifically refers to software safety modes, which aligns with section 10.3.5.

Conclusion:
- Grounded: True
- The answer is fully supported by the facts and contains no information outside their scope.",True,"Step-by-step reasoning:
- The question asks for two things: the number of safety modes and the names of each mode.
- The student explicitly states there are three modes and lists them: Normal, Reduced, and Recovery.
- The response is concise and directly addresses both parts of the question without irrelevant details.

Relevance: True",True,"Correctness: True

Explanation:
- The ground truth states there are three safety modes: Normal, Reduced, and Recovery.
- The student states there are three software safety modes with the same names: Normal, Reduced, and Recovery.
- The count (three) and the names match exactly. The added word ""software"" does not conflict with the ground truth.
- No conflicting statements are present.",True,resp_01fe4c5450ba4acc006907d7bc3c908196988ea9a2d7872d32,gpt-5-mini-2025-08-07,incomplete,1762121660.0,28557,236,28793
2025-11-02 17:14:50 EST,10.98 Seconds,22.31 Seconds,33.29 Seconds,3000,openai_keyword,gpt-5-mini-2025-08-07,250,low,10,A,A,2,"How many safety modes does the arm have, and what are the names of each?","The robot arm has three safety modes. Normal mode, reduced mode, and recovery mode. ","There are three safety modes: Normal, Reduced, and Recovery. [010__L1__10._First_Time_Use__pp98-164__L2__03__10.3._Software_Safety_Configuration__pp107-120.pdf]

- Normal: the default active safety mode.  
- Reduced: activated by a Trigger Reduced plane or a configured safety input; uses more restrictive limits.  
- Recovery: activated",013__L1__13._Emergency_Events__pp181-189.pdf;010__L1__10._First_Time_Use__pp98-164__L2__02__10.2._Safety-related_Functions_and_Interfaces__pp99-106.pdf;010__L1__10._First_Time_Use__pp98-164__L2__04__10.4._Software_Safety_Restrictions__pp121-132.pdf;008__L1__8._Installation__pp59-96__L2__02__8.2._Safety_IO__pp61-70.pdf;019__L1__19._Safety_Functions_Table__pp211-222__L2__02__19.2._Table_2__pp219-222.pdf;010__L1__10._First_Time_Use__pp98-164__L2__03__10.3._Software_Safety_Configuration__pp107-120.pdf;003__L1__3._Safety__pp28-32.pdf;019__L1__19._Safety_Functions_Table__pp211-222__L2__01__19.1._Table_1a__pp218-218.pdf;008__L1__8._Installation__pp59-96__L2__05__8.5._Teach_Pendant_with_3-Position_Enabling_Device__pp75-82.pdf;012__L1__12._Communication_Networks__pp171-180.pdf,0.4009633701368641,0.24615384615384614,0.041851198341942064,"Step-by-step reasoning:
- The question asks specifically about the arm’s safety modes: how many there are and their names.
- The provided facts include a dedicated section titled “10.3.5. Software Safety Modes,” which explicitly describes the safety modes used by the robot’s safety system.
- That section lists and defines the safety modes as Normal mode, Reduced mode, and Recovery mode. It also clarifies when each is active.
- Additional related references to Recovery Mode and Reduced Mode appear elsewhere in the facts, reinforcing their relevance.
- While the facts also discuss operational modes (Manual vs Automatic) and other safety functions, the presence of the explicit “Software Safety Modes” section directly answers the question.

Relevance: True",True,"Step-by-step reasoning:
- Identify the claims in the student answer:
  - There are three safety modes: Normal, Reduced, Recovery.
  - Normal is the default active mode.
  - Reduced is activated by a Trigger Reduced plane or a configured safety input and uses more restrictive limits.
  - Recovery is “activated” (statement is incomplete, but does not assert anything incorrect).

- Check each claim against the provided facts:
  - The manual states there are three modes: Normal, Reduced, and Recovery. Correct.
  - Normal mode is the default active mode. Correct.
  - Reduced mode can be activated by a Trigger Reduced plane or an external safety input and must use more restrictive limits. Correct.
  - Recovery mode is activated when a safety limit is exceeded. The student leaves this incomplete but does not contradict the facts.

- Look for hallucinations or content outside scope:
  - No extra standards, features, or behaviors are introduced beyond what the facts describe.
  - The answer remains within the scope of the provided material.

- Assess completeness vs. grounding:
  - The answer is concise and accurate for the parts it covers; Recovery is not fully described, but the partial statement does not introduce errors.

Conclusion: The student’s answer is accurate and within the provided facts, with no hallucinations.

Grounded: True",True,"Step-by-step reasoning:
- The question asks for two things: the number of safety modes and the names of each mode.
- The student explicitly states there are three safety modes and lists their names: Normal, Reduced, and Recovery.
- This directly addresses both parts of the question.
- The added brief descriptions are relevant and do not detract from concision; however, the description for Recovery is incomplete (“activated”), but the names are still clearly provided.

Relevance: True",True,"Step-by-step reasoning:
- The ground truth states there are three safety modes: Normal, Reduced, and Recovery.
- The student explicitly states there are three safety modes and lists them as Normal, Reduced, and Recovery.
- The additional brief descriptions provided by the student do not contradict the ground truth.
- There are no conflicting statements in the student’s answer.

Correctness: True",True,resp_0a2f06693db0b93a006907d7bbc9f08196b6df6e3682935b7a,gpt-5-mini-2025-08-07,incomplete,1762121659.0,28557,220,28777
2025-11-02 17:14:48 EST,10.87 Seconds,19.74 Seconds,30.61 Seconds,3000,openai_keyword,gpt-5-mini-2025-08-07,250,low,10,A,A,3,"How many safety modes does the arm have, and what are the names of each?","The robot arm has three safety modes. Normal mode, reduced mode, and recovery mode. ",,013__L1__13._Emergency_Events__pp181-189.pdf;010__L1__10._First_Time_Use__pp98-164__L2__02__10.2._Safety-related_Functions_and_Interfaces__pp99-106.pdf;010__L1__10._First_Time_Use__pp98-164__L2__04__10.4._Software_Safety_Restrictions__pp121-132.pdf;008__L1__8._Installation__pp59-96__L2__02__8.2._Safety_IO__pp61-70.pdf;019__L1__19._Safety_Functions_Table__pp211-222__L2__02__19.2._Table_2__pp219-222.pdf;010__L1__10._First_Time_Use__pp98-164__L2__03__10.3._Software_Safety_Configuration__pp107-120.pdf;003__L1__3._Safety__pp28-32.pdf;019__L1__19._Safety_Functions_Table__pp211-222__L2__01__19.1._Table_1a__pp218-218.pdf;008__L1__8._Installation__pp59-96__L2__05__8.5._Teach_Pendant_with_3-Position_Enabling_Device__pp75-82.pdf;012__L1__12._Communication_Networks__pp171-180.pdf,0.0,0.0,0.0,"Step-by-step reasoning:
- The question asks specifically about “safety modes” of the arm: how many there are and their names.
- In the provided facts, there are multiple sections explicitly about safety modes:
  - “10.3.5. Software Safety Modes” describes the safety system modes and names them: Normal mode, Reduced mode, and Recovery mode.
  - “13.3.1. Recovery Mode” further explains Recovery Mode (a type of Manual Mode but still identified as a safety mode state).
  - “10.2.3. Safety Parameter Set” and “Recovery” sections reiterate the Recovery constraints.
- The facts also include other mode-related content (e.g., operational modes Manual/Automatic and High Speed Manual), but even if those are not “safety modes,” the presence of the explicit “Software Safety Modes” section ensures the facts contain the exact information needed to answer the question.

Conclusion:
- The facts directly contain the number and names of the safety modes (three: Normal, Reduced, Recovery), so they are relevant.

Relevance: True",True,"Grounded: False

Reasoning:
- The student answer is empty; it provides no content to evaluate.
- Because there is no stated information, it neither references nor uses any of the provided FACTS (e.g., emergency stop procedures, movement without drive power, modes, recovery, backdrive, safety I/O).
- While an empty answer does not introduce hallucinated information, it also fails to demonstrate grounding in the provided material.
- Therefore, the answer does not meet the requirement of being grounded in the FACTS.",False,"Step-by-step reasoning:
- The question asks for two specific things: the total number of safety modes and the names of each mode.
- The student provided no answer (blank), so there is no information to evaluate.
- Because no information is given, the response cannot help answer the question and does not meet the relevance and helpfulness criteria.

Relevance: False",False,"Step-by-step reasoning:
- The question asks for both the number of safety modes and their names.
- The ground truth specifies there are three modes: Normal mode, Reduced mode, and Recovery mode.
- The student provided no answer, so they did not state the number of modes or any names.
- Because the student answer lacks the required information, it does not match the ground truth.

Correctness: False",False,resp_08d686c31ac29437006907d7bbdae081a0a50a49cae572f9d7,gpt-5-mini-2025-08-07,incomplete,1762121659.0,28557,192,28749
2025-11-02 17:14:49 EST,6.56 Seconds,25.28 Seconds,31.84 Seconds,3000,openai_keyword,gpt-5-mini-2025-08-07,250,low,10,A,A,1,"If my stopping time safety limit is set to 200 ms and the robot stopped in 1000ms, what will happen?",The robot arm will enter recovery mode because te safety limits have been violated. ,,010__L1__10._First_Time_Use__pp98-164__L2__02__10.2._Safety-related_Functions_and_Interfaces__pp99-106.pdf;012__L1__12._Communication_Networks__pp171-180.pdf;010__L1__10._First_Time_Use__pp98-164__L2__03__10.3._Software_Safety_Configuration__pp107-120.pdf;008__L1__8._Installation__pp59-96__L2__02__8.2._Safety_IO__pp61-70.pdf;013__L1__13._Emergency_Events__pp181-189.pdf;003__L1__3._Safety__pp28-32.pdf;019__L1__19._Safety_Functions_Table__pp211-222__L2__02__19.2._Table_2__pp219-222.pdf;004__L1__4._Risk_Assessment__pp33-36.pdf;010__L1__10._First_Time_Use__pp98-164__L2__04__10.4._Software_Safety_Restrictions__pp121-132.pdf;019__L1__19._Safety_Functions_Table__pp211-222__L2__01__19.1._Table_1a__pp218-218.pdf,0.0,0.0,0.0,"Step-by-step reasoning:
- The question is about the Stopping Time Limit safety function: if the configured limit (200 ms) is exceeded by the actual stop time (1000 ms), what is the system reaction?
- The provided facts explicitly cover:
  - The existence and purpose of the Stopping Time Limit safety function (listed among configurable safety functions).
  - How the safety system reacts to safety limit violations: “Limit Violation → Stop Category 0” and “If the robot detects a fault or violation in the safety system (e.g., … a safety limit is exceeded), then a Stop Category 0 is initiated.”
  - That when a safety limit is exceeded, the safety system must be restarted, and safety outputs reset to low.
- Although the facts also include large sections on fieldbus (MODBUS, EtherNet/IP, PROFINET/PROFIsafe) and other safety topics, the grading rule says if ANY part is related, the set is considered relevant.

Conclusion:
Relevance: True",True,"Step-by-step reasoning:
- The provided FACTS cover extensive details about UR5e safety-related functions and interfaces: built-in PLd Cat. 3 safety functions (e.g., joint limits, speed, force, momentum, stopping time/distance), safety I/O inputs/outputs and their behaviors, stop categories, reduced/normal/recovery modes, configuration procedures, PROFIsafe/fieldbus options, Safe Home, safety planes/tool restrictions, and risk-assessment responsibilities.
- The STUDENT ANSWER is empty; it contains no statements, claims, or references to the provided facts.
- Criterion (1) requires the answer to be grounded in the FACTS. With no content, the answer does not use or reflect any of the provided information, so it fails this criterion.
- Criterion (2) requires no hallucinated information. Since the answer contains no information at all, it does not introduce hallucinations and thus meets this criterion.
- Because not all criteria are met (fails criterion 1), the overall evaluation must be negative.

Grounded: False",False,"Step-by-step reasoning:
- The question asks for the consequence when the actual stopping time (1000 ms) exceeds the safety limit (200 ms).
- A relevant answer should state what happens in that scenario (e.g., a safety fault/trip or violation).
- The student provided no answer, so it does not address the scenario or help answer the question.

Relevance: False",False,"Correctness: False

Explanation:
- The safety limit is 200 ms, and the actual stopping time is 1000 ms, which violates the limit.
- According to the ground truth, this violation causes the robot arm to enter recovery mode.
- The student provided no answer, so they did not state the expected outcome (recovery mode) or any relevant information.
- Therefore, the answer is incorrect.",False,resp_023fc289365ec0f4006907d7bb9a9881a0b56c8a299408e09d,gpt-5-mini-2025-08-07,incomplete,1762121659.0,27696,192,27888
2025-11-02 17:14:39 EST,6.17 Seconds,15.36 Seconds,21.53 Seconds,3000,openai_keyword,gpt-5-mini-2025-08-07,250,low,10,A,A,2,"If my stopping time safety limit is set to 200 ms and the robot stopped in 1000ms, what will happen?",The robot arm will enter recovery mode because te safety limits have been violated. ,,010__L1__10._First_Time_Use__pp98-164__L2__02__10.2._Safety-related_Functions_and_Interfaces__pp99-106.pdf;012__L1__12._Communication_Networks__pp171-180.pdf;010__L1__10._First_Time_Use__pp98-164__L2__03__10.3._Software_Safety_Configuration__pp107-120.pdf;008__L1__8._Installation__pp59-96__L2__02__8.2._Safety_IO__pp61-70.pdf;013__L1__13._Emergency_Events__pp181-189.pdf;003__L1__3._Safety__pp28-32.pdf;019__L1__19._Safety_Functions_Table__pp211-222__L2__02__19.2._Table_2__pp219-222.pdf;004__L1__4._Risk_Assessment__pp33-36.pdf;010__L1__10._First_Time_Use__pp98-164__L2__04__10.4._Software_Safety_Restrictions__pp121-132.pdf;019__L1__19._Safety_Functions_Table__pp211-222__L2__01__19.1._Table_1a__pp218-218.pdf,0.0,0.0,0.0,"Step-by-step reasoning:
- The QUESTION asks about the “Stopping Time Limit” safety function and what happens if the actual stop time (1000 ms) exceeds the configured limit (200 ms).
- The FACTS explicitly define “Stopping Time Limit” as a safety function that limits the maximum time the robot uses for stopping after a robot stop is initiated.
- The FACTS also state that the safety system monitors safety limits and, upon a “Limit Violation,” initiates a Stop Category 0.
- Additional related details in the FACTS explain that stopping time/distance limits dynamically reduce speed to ensure stopping within limits and that any safety limit violation triggers specific stop reactions.

Conclusion:
- The FACTS contain multiple direct references to the Stopping Time Limit and the consequence of exceeding safety limits (Stop Category 0). They are clearly related to the QUESTION.

Relevance: True",True,"Step-by-step reasoning:
- I checked the Student Answer and found it contains no content to evaluate.
- Because there is no substantive response, I cannot verify that any claims are supported by, or derived from, the provided FACTS. Therefore, the requirement that the answer be grounded in the FACTS is not met.
- On the other hand, the empty response does not introduce any information outside the scope of the FACTS, so there are no hallucinations present.
- However, to meet all criteria, the answer must both be grounded and avoid hallucinations. With no content, it fails the grounding requirement.

Grounded: False",False,"Step-by-step reasoning:
1) The question asks what occurs when the actual stopping time (1000 ms) exceeds the configured safety limit (200 ms).
2) The student provided no answer, so there is no content to assess for relevance or helpfulness.
3) Because nothing is stated, the response is neither concise nor relevant, and it does not help answer the question.

Relevance: False

Explanation:
- The student’s answer is empty, so it fails both criteria.
- A concise, relevant answer would note that exceeding the safety stop-time limit triggers a safety fault/stop (e.g., safety violation, drives disabled) until reset and corrective action.",False,"Step-by-step reasoning:
- The question asks what happens when the robot’s actual stopping time (1000 ms) exceeds the safety limit (200 ms).
- The ground truth states that exceeding the safety limit triggers recovery mode.
- The student provided no answer, so they did not state the required outcome.
- There are no conflicting statements, but the answer is incomplete and does not address the question.

Correctness: False",False,resp_06f17ff7d9ccb860006907d7bbbae0819cb99edb186782692d,gpt-5-mini-2025-08-07,incomplete,1762121659.0,27696,192,27888
2025-11-02 17:15:15 EST,9.84 Seconds,12.94 Seconds,22.79 Seconds,3000,openai_keyword,gpt-5-mini-2025-08-07,250,low,10,A,A,3,"If my stopping time safety limit is set to 200 ms and the robot stopped in 1000ms, what will happen?",The robot arm will enter recovery mode because te safety limits have been violated. ,,010__L1__10._First_Time_Use__pp98-164__L2__02__10.2._Safety-related_Functions_and_Interfaces__pp99-106.pdf;012__L1__12._Communication_Networks__pp171-180.pdf;010__L1__10._First_Time_Use__pp98-164__L2__03__10.3._Software_Safety_Configuration__pp107-120.pdf;008__L1__8._Installation__pp59-96__L2__02__8.2._Safety_IO__pp61-70.pdf;013__L1__13._Emergency_Events__pp181-189.pdf;003__L1__3._Safety__pp28-32.pdf;019__L1__19._Safety_Functions_Table__pp211-222__L2__02__19.2._Table_2__pp219-222.pdf;004__L1__4._Risk_Assessment__pp33-36.pdf;010__L1__10._First_Time_Use__pp98-164__L2__04__10.4._Software_Safety_Restrictions__pp121-132.pdf;019__L1__19._Safety_Functions_Table__pp211-222__L2__01__19.1._Table_1a__pp218-218.pdf,0.0,0.0,0.0,"Step-by-step reasoning:
- The question asks about the Safety Stopping Time Limit and what occurs if the actual stop time exceeds the configured limit (set to 200 ms, actual 1000 ms).
- The provided facts explicitly define “Stopping Time Limit” as a configurable safety function and state the safety system monitors limit violations.
- They state the safety system reactions: “Limit Violation → Stop Category 0,” and also note that if a fault or violation is detected, a Stop Category 0 is initiated and safety outputs reset to low.
- Recovery behavior after a safety limit violation (Recovery Mode, restricted limits, inability to run programs until recovery) is also described, which is directly related to what happens after such a violation.
- Therefore, the facts contain direct keywords and semantics: Stopping Time Limit, limit violation, Stop Category 0, safety outputs reset, and recovery.

Conclusion:
Relevance: True",True,"Grounded: False

Reasoning:
- The student answer is empty, so it does not reference or use any of the provided facts about UR5e safety functions, I/O, modes, or configurations. This fails criterion (1): being grounded in the FACTS.
- While there is no hallucinated information (criterion (2) is vacuously satisfied), both criteria must be met for a grounded value of True.
- Therefore, the answer is not grounded.",False,"Step-by-step reasoning:
1) The question asks for the consequence when the actual stopping time (1000 ms) exceeds the safety limit (200 ms).
2) The student provided no answer.
3) An empty response is neither concise and relevant to the question nor does it help answer it.

Relevance: False",False,"Step-by-step reasoning:
- The scenario describes a stopping time limit of 200 ms and an actual stopping time of 1000 ms, which violates the safety limit. According to the ground truth, this results in the robot entering recovery mode.
- The student did not provide any answer, so they did not state the required outcome (robot enters recovery mode due to safety limit violation).
- With no content to evaluate, the student answer does not meet the correctness criteria.

Correctness: False",False,resp_050c359334c64ed2006907d7def56081a3b81debc8c254012e,gpt-5-mini-2025-08-07,incomplete,1762121695.0,27696,192,27888
2025-11-02 17:15:26 EST,9.83 Seconds,24.02 Seconds,33.85 Seconds,3000,openai_keyword,gpt-5-mini-2025-08-07,250,low,10,A,A,1,I have just made a modification to the robot arm. Is there any check I need to do afterwards?,"Yes, there is a list of tests to conduct after making a modification to the robot arm. 
Verify all safety inputs and outputs are correctly connected.
Test all connected safety input and output, including devices common to multiple
machines or robots, are functioning as intended.
Test emergency stop buttons and inputs to verify the robot stops and the brakes engage.
Test safeguard inputs to verify the robot motion stops. If safeguard reset is configured,
check that it functions as intended.
Look at the initialization screen, activate the reduced input and verify the screen changes.
Change the operational mode to verify the mode icon changes in top right corner of
PolyScope screen.
Test the 3-position enabling device to verify that pressing to the center on position enables
motion in manual mode at a reduced speed.
If the Emergency Stop outputs are used, press the Emergency Stop push-button and
verify that there is a stop of the whole system.
Test the system connected to Robot Moving output, Robot Not Stopping output, Reduced
Mode output, or Not Reduced Mode output to verify the output changes are detected.
Determine the commissioning requirements of your robot application.","Yes. After any modification you must perform the commissioning tests listed before using the robot [009__L1__9._Commissioning__pp97-97.pdf].

Do at least:
- Verify all safety inputs and outputs are correctly connected.  
- Test all connected safety inputs/outputs (including devices common to multiple machines/robots).  
- Test Emergency Stop buttons/inputs to verify the robot stops and brakes engage.  
- Test safeguard inputs and (if configured) safeguard reset.  
- Check the initialization screen, activate Reduced mode input and verify the screen changes.  
- Change operational mode and verify the mode icon",009__L1__9._Commissioning__pp97-97.pdf;015__L1__15._Maintenance_and_Repair__pp192-204.pdf;010__L1__10._First_Time_Use__pp98-164__L2__03__10.3._Software_Safety_Configuration__pp107-120.pdf;013__L1__13._Emergency_Events__pp181-189.pdf;010__L1__10._First_Time_Use__pp98-164__L2__02__10.2._Safety-related_Functions_and_Interfaces__pp99-106.pdf;004__L1__4._Risk_Assessment__pp33-36.pdf;010__L1__10._First_Time_Use__pp98-164__L2__04__10.4._Software_Safety_Restrictions__pp121-132.pdf;010__L1__10._First_Time_Use__pp98-164__L2__05__10.5._The_First_Program__pp133-162_part02_part01.pdf;010__L1__10._First_Time_Use__pp98-164__L2__05__10.5._The_First_Program__pp133-162_part02_part02.pdf;007__L1__7._First_Boot__pp52-58.pdf,0.7047218041634953,0.45936395759717313,0.12577752494808067,"Step-by-step reasoning:
1) Interpret the question: The user asks what checks are needed after making a modification to the robot arm. Keywords: “after modification,” “checks,” “verify,” “test,” “commissioning.”

2) Scan the provided facts for related content:
- The “9. Commissioning” section explicitly states tests “must be conducted … after making any modifications,” and lists specific checks (verify safety I/O connections, test safety inputs/outputs, E-stops, safeguard inputs, reduced mode input, operational mode icon, 3-position enabling device, Emergency Stop outputs, and safety-related status outputs).
- The “15. Maintenance and Repair – Safety for Maintenance” section says “After maintenance and repair work, checks must be done to ensure the required safety level” and to test the correct functioning of all safety functions.
- “15.1. Testing Stopping Performance” discusses periodic testing of stopping performance, directly relevant to post-maintenance/commissioning validation.
- Several safety configuration and mode sections (10.2, 10.3, 10.3.x, 10.4.x) describe safety functions, planes, limits, and outputs that are the kinds of items you verify during post-modification checks.

3) Conclusion: The facts include multiple passages directly addressing checks required after modifications, including concrete test steps. Even though many other sections are broader (programming, payload, I/O), criterion (2) says any related content makes the facts relevant.

Relevance: True",True,"Grounded: True

Step-by-step reasoning:
- The FACTS state that commissioning tests must be performed “before using the robot application for the first time or after making any modifications.” The student correctly echoes this requirement (“After any modification you must perform the commissioning tests…”), which is consistent with the FACTS.
- The student lists several commissioning checks that match the FACTS:
  - Verify all safety inputs and outputs are correctly connected. ✓
  - Test all connected safety inputs/outputs, including devices common to multiple machines/robots. ✓
  - Test Emergency Stop buttons/inputs to verify the robot stops and the brakes engage. ✓
  - Test safeguard inputs and (if configured) safeguard reset. ✓
  - Check the initialization screen, activate Reduced input, and verify the screen changes. ✓
  - Change operational mode and verify the mode icon changes. ✓
- The student does not add any requirements or procedures that are outside the provided FACTS; there are no invented features or claims.
- The answer is somewhat incomplete compared to the full commissioning list in the FACTS (it omits testing the 3-position enabling device, testing Emergency Stop outputs if used, verifying Robot Moving/Not Stopping/Reduced/Not Reduced outputs, and determining application-specific commissioning requirements). However, omissions do not constitute hallucinations; they simply make the answer less comprehensive.
- The brief bracketed citation reference does not introduce new information and does not contradict the FACTS.

Conclusion: The student’s answer is grounded in the provided FACTS and contains no hallucinated information, though it is incomplete relative to the full checklist.",True,"Step-by-step reasoning:
- Identify the question’s intent: The user asks whether any checks are required after modifying a robot arm.
- Assess alignment: The student explicitly answers “Yes” and specifies that commissioning tests must be performed before use, directly addressing the question.
- Evaluate usefulness: The student provides a clear, actionable checklist (safety I/O verification, E-stop tests, safeguard tests, reduced mode and mode icon checks), which helps the user know exactly what to do.
- Check conciseness and relevance: The response is concise, focused on post-modification checks, and avoids unrelated details.

Conclusion: The answer is relevant and helps answer the question.

Relevance: True",True,"Step-by-step reasoning:
- The student correctly answers “Yes” and references conducting commissioning tests, which aligns with the ground truth that a list of tests must be performed after a modification.
- They accurately list several required checks:
  - Verifying safety inputs/outputs are correctly connected.
  - Testing all connected safety inputs/outputs, including shared devices.
  - Testing Emergency Stop buttons/inputs to ensure the robot stops and brakes engage.
  - Testing safeguard inputs and (if configured) safeguard reset.
  - Checking the initialization screen and activating the Reduced mode input to verify the screen changes.
  - Changing operational mode and verifying the mode icon.
- These items are factually consistent with the ground truth and contain no contradictions.
- While the student does not include every single check from the ground truth (e.g., 3-position enabling device, E-stop outputs behavior, outputs like Robot Moving/Not Stopping/Reduced Mode, and determining commissioning requirements), the grading criteria focus on factual accuracy rather than completeness. The items they provided are accurate and do not conflict with the ground truth.

Correctness: True",True,resp_0b79b2b08769521d006907d7def45481a1a28be3d670d88648,gpt-5-mini-2025-08-07,incomplete,1762121695.0,27211,193,27404
2025-11-02 17:15:26 EST,8.66 Seconds,25.29 Seconds,33.95 Seconds,3000,openai_keyword,gpt-5-mini-2025-08-07,250,low,10,A,A,2,I have just made a modification to the robot arm. Is there any check I need to do afterwards?,"Yes, there is a list of tests to conduct after making a modification to the robot arm. 
Verify all safety inputs and outputs are correctly connected.
Test all connected safety input and output, including devices common to multiple
machines or robots, are functioning as intended.
Test emergency stop buttons and inputs to verify the robot stops and the brakes engage.
Test safeguard inputs to verify the robot motion stops. If safeguard reset is configured,
check that it functions as intended.
Look at the initialization screen, activate the reduced input and verify the screen changes.
Change the operational mode to verify the mode icon changes in top right corner of
PolyScope screen.
Test the 3-position enabling device to verify that pressing to the center on position enables
motion in manual mode at a reduced speed.
If the Emergency Stop outputs are used, press the Emergency Stop push-button and
verify that there is a stop of the whole system.
Test the system connected to Robot Moving output, Robot Not Stopping output, Reduced
Mode output, or Not Reduced Mode output to verify the output changes are detected.
Determine the commissioning requirements of your robot application.","Yes. After any modification you must perform the commissioning tests listed in Commissioning.

Do the following checks (summary of items in the commissioning checklist):
- Verify all safety inputs and outputs are correctly connected. [009__L1__9._Commissioning__pp97-97.pdf]  
- Test all connected safety inputs and outputs (including devices common to multiple machines/robots) to confirm they function as intended. [009__L1__9._Commissioning__pp97-97.pdf]  
- Test emergency stop buttons/inputs to verify the robot stops and the brakes engage. [009__L1__9._Commissioning__pp97-97.pdf]  
- Test safeguard inputs to verify robot motion stops; if Safeguard Reset is configured, verify it works. [009__L1__9._Commissioning__pp97-97.pdf]  
- Inspect the initialization screen,",009__L1__9._Commissioning__pp97-97.pdf;015__L1__15._Maintenance_and_Repair__pp192-204.pdf;010__L1__10._First_Time_Use__pp98-164__L2__03__10.3._Software_Safety_Configuration__pp107-120.pdf;013__L1__13._Emergency_Events__pp181-189.pdf;010__L1__10._First_Time_Use__pp98-164__L2__02__10.2._Safety-related_Functions_and_Interfaces__pp99-106.pdf;004__L1__4._Risk_Assessment__pp33-36.pdf;010__L1__10._First_Time_Use__pp98-164__L2__04__10.4._Software_Safety_Restrictions__pp121-132.pdf;010__L1__10._First_Time_Use__pp98-164__L2__05__10.5._The_First_Program__pp133-162_part02_part01.pdf;010__L1__10._First_Time_Use__pp98-164__L2__05__10.5._The_First_Program__pp133-162_part02_part02.pdf;007__L1__7._First_Boot__pp52-58.pdf,0.5378750717619847,0.3948220064724919,0.14955795086151266,"Step-by-step reasoning:
- The question asks what checks are needed after making a modification to the robot arm.
- The facts explicitly include a “Commissioning” section that states tests must be conducted “before using the robot application for the first time or after making any modifications,” listing specific checks (safety I/O connections, E-stops, safeguard inputs, mode icon changes, 3-position enabling device, reduced mode, various safety outputs). This directly answers the question.
- The “Maintenance and Repair” section says that after maintenance/repair work, checks must be done to ensure the required safety level and to test all safety functions—again directly relevant to post-modification checks.
- Additional sections (Testing Stopping Performance, Log tab/error reports, Safety Configuration changes and Safety Checksum, Safe Home, Safety-related functions and I/O, Recovery/Backdrive checks) all relate to verifying safety and functionality, which is pertinent after modifications.

Conclusion: The provided facts contain multiple direct instructions on what to check after modifications, so they are relevant.

Relevance: True",True,"Grounded: True

Reasoning:
- The student states that commissioning tests must be performed after any modification. This aligns with the facts, which require the tests “before using the robot application for the first time or after making any modifications.”
- Each listed check matches items from the Commissioning section:
  - Verifying all safety inputs/outputs are connected is explicitly required.
  - Testing all connected safety inputs/outputs (including devices common to multiple machines/robots) is explicitly required.
  - Testing emergency stop buttons/inputs to ensure the robot stops and brakes engage is explicitly required.
  - Testing safeguard inputs and, if configured, safeguard reset, is explicitly required.
  - “Inspect the initialization screen” corresponds to “Look at the initialization screen, activate the reduced input and verify the screen changes.” The student’s line is truncated, but not incorrect.
- The answer does not introduce any steps or claims that are outside or in conflict with the provided facts. The bracketed file references are meta-citations and do not add new technical content beyond the facts.
- While the answer is incomplete relative to the full checklist (it omits items like operational mode icon change, 3-position enabling device test, Emergency Stop outputs behavior, Robot Moving/Not Stopping/Reduced outputs, and determining commissioning requirements), omissions do not make it ungrounded. There is no hallucinated or contradictory information.",True,"Step-by-step reasoning:
- The question asks whether any checks are needed after a modification to the robot arm.
- The student directly answers “Yes” and specifies that commissioning tests must be performed, which aligns with standard post-modification procedures.
- The student provides a concise, actionable summary of specific checks (safety I/O verification, functional testing of safety devices, E-stops, safeguards, and safeguard reset), which helps the user understand what to do.
- The bullet list is relevant and on-topic. It is reasonably concise for a checklist.
- Minor issue: the last bullet is incomplete (“Inspect the initialization screen,”), but this does not detract significantly from the usefulness or relevance of the answer.

Conclusion:
- Relevance: True
- Rationale: The answer is concise, directly addresses the question, and provides practical steps that help the user perform the necessary checks after a modification.",True,"Correctness: True

Reasoning:
- The student correctly answers “Yes” and begins listing commissioning checks.
- The listed items match the ground truth: verifying safety I/O connections, testing all safety I/O (including shared devices), testing emergency stop to ensure robot stops and brakes engage, and testing safeguard inputs including Safeguard Reset.
- The student starts mentioning the initialization screen, which aligns with the next ground truth step, though the sentence is truncated and does not include all subsequent checks (reduced input behavior, mode icon change, enabling device test, E-stop outputs behavior, output signal tests, and determining commissioning requirements).
- There are no conflicting statements, and the included items are factually accurate relative to the ground truth.
- While incomplete, the grading criteria do not require completeness—only factual accuracy and no contradictions—so the answer is correct.",True,resp_0a4afe774f627e95006907d7df54fc81919229db25fc812bba,gpt-5-mini-2025-08-07,incomplete,1762121695.0,27211,187,27398
2025-11-02 17:15:18 EST,8.53 Seconds,17.43 Seconds,25.96 Seconds,3000,openai_keyword,gpt-5-mini-2025-08-07,250,low,10,A,A,3,I have just made a modification to the robot arm. Is there any check I need to do afterwards?,"Yes, there is a list of tests to conduct after making a modification to the robot arm. 
Verify all safety inputs and outputs are correctly connected.
Test all connected safety input and output, including devices common to multiple
machines or robots, are functioning as intended.
Test emergency stop buttons and inputs to verify the robot stops and the brakes engage.
Test safeguard inputs to verify the robot motion stops. If safeguard reset is configured,
check that it functions as intended.
Look at the initialization screen, activate the reduced input and verify the screen changes.
Change the operational mode to verify the mode icon changes in top right corner of
PolyScope screen.
Test the 3-position enabling device to verify that pressing to the center on position enables
motion in manual mode at a reduced speed.
If the Emergency Stop outputs are used, press the Emergency Stop push-button and
verify that there is a stop of the whole system.
Test the system connected to Robot Moving output, Robot Not Stopping output, Reduced
Mode output, or Not Reduced Mode output to verify the output changes are detected.
Determine the commissioning requirements of your robot application.","Yes. After any modification you must perform the commissioning tests listed in the manual. [009__L1__9._Commissioning__pp97-97.pdf]

Recommended checks (from the Commissioning checklist):
- Verify all safety inputs and outputs are correctly connected and functioning (including devices common to multiple machines/robots).  
- Test Emergency Stop buttons/inputs to confirm the robot stops and brakes engage.  
- Test safeguard inputs and, if configured, the safeguard reset.  
- Check the initialization screen (activate Reduced input and verify screen changes) and change operational mode to confirm the mode icon updates.  
",009__L1__9._Commissioning__pp97-97.pdf;015__L1__15._Maintenance_and_Repair__pp192-204.pdf;010__L1__10._First_Time_Use__pp98-164__L2__03__10.3._Software_Safety_Configuration__pp107-120.pdf;013__L1__13._Emergency_Events__pp181-189.pdf;004__L1__4._Risk_Assessment__pp33-36.pdf;010__L1__10._First_Time_Use__pp98-164__L2__02__10.2._Safety-related_Functions_and_Interfaces__pp99-106.pdf;010__L1__10._First_Time_Use__pp98-164__L2__04__10.4._Software_Safety_Restrictions__pp121-132.pdf;010__L1__10._First_Time_Use__pp98-164__L2__05__10.5._The_First_Program__pp133-162_part02_part01.pdf;010__L1__10._First_Time_Use__pp98-164__L2__05__10.5._The_First_Program__pp133-162_part02_part02.pdf;007__L1__7._First_Boot__pp52-58.pdf,0.6877093112213722,0.40425531914893614,0.087714382501583,"Step-by-step reasoning:
- The question asks what checks are needed after making a modification to the robot arm.
- The facts include a “Commissioning” section that explicitly states tests must be conducted “before using the robot application for the first time or after making any modifications,” and then lists specific checks (safety I/O, emergency stop, safeguard inputs, mode changes, 3-position enabling device, reduced mode indicators, safety outputs, etc.).
- The facts also include “Maintenance and Repair” guidance stating that after maintenance/repair, checks must be done to ensure the required safety level and that all safety functions must be tested.
- Additional related sections cover testing stopping performance, recovery/modes, safety configuration/password/checksum, safety inputs/outputs, and risk assessment—each of which involves verification steps relevant after changes.
- Even though many other details are present (e.g., cleaning, payload, I/O, programming), the presence of explicit post-modification checklists makes the facts relevant to the question.

Conclusion:
Relevance: True",True,"Reasoning:
- The student states that after any modification, commissioning tests must be performed. This aligns with the Commissioning section, which requires tests before first use and after modifications.
- Their listed checks match items from the Commissioning checklist:
  - Verifying safety inputs/outputs, including devices common to multiple machines/robots, is explicitly stated.
  - Testing Emergency Stop to ensure the robot stops and brakes engage is explicitly stated.
  - Testing safeguard inputs and, if configured, safeguard reset is explicitly stated.
  - Looking at the initialization screen, activating Reduced input, and verifying the screen changes is explicitly stated.
  - Changing operational mode to verify the mode icon changes in the PolyScope header is explicitly stated.
- The answer does not introduce information outside the provided facts. It is accurate, though not exhaustive (it omits items like testing the 3-position enabling device, Emergency Stop outputs behavior for whole system stop, and verifying Robot Moving/Not Stopping/Reduced outputs), but incompleteness does not constitute hallucination.

Conclusion:
- Grounded: True",True,"Step-by-step reasoning:
- The question asks whether any checks are needed after modifying a robot arm.
- The student explicitly answers “Yes” and directs to perform commissioning tests per the manual, which directly addresses the question.
- The student provides a concise, relevant checklist of specific checks (safety I/O, E-stops, safeguards, initialization/mode checks), giving actionable steps.
- There is no irrelevant information; the content is focused and helpful for what to do after a modification.

Relevance: True",True,"Step-by-step reasoning:
- The ground truth requires conducting a set of commissioning tests after any modification.
- The student affirms this and references the manual’s commissioning tests, aligning with the ground truth.
- The student correctly lists several required checks: verifying safety I/O connections and function (including shared devices), testing Emergency Stops (robot stops and brakes engage), testing safeguard inputs and reset, checking the initialization screen with Reduced input, and verifying the operational mode icon change—all match the ground truth items.
- The student does not mention some additional checks (3-position enabling device, Emergency Stop outputs affecting the whole system, testing specific output signals, determining commissioning requirements), but omission is not a contradiction and the student’s opening statement implies the full checklist should be performed.

Conclusion: The student’s answer is factually accurate relative to the ground truth and contains no conflicting statements.

Correctness: True",True,resp_0711bf5bcd549bd9006907d7df453481959c1e5a7f182fc049,gpt-5-mini-2025-08-07,incomplete,1762121695.0,27211,191,27402
